--
-- Script was generated by Devart dbForge Studio for SQL Server, Version 2025.3.61.0
-- Product home page: https://www.devart.com/dbforge/sql/studio
-- Script date 04-Feb-26 7:15:46 PM
-- Server version: 17.00.0925
--

SET DATEFORMAT ymd
SET ARITHABORT, ANSI_PADDING, ANSI_WARNINGS, CONCAT_NULL_YIELDS_NULL, QUOTED_IDENTIFIER, ANSI_NULLS, NOCOUNT ON
SET NUMERIC_ROUNDABORT, IMPLICIT_TRANSACTIONS, XACT_ABORT OFF
GO

-- Create the database if it doesn't exist
IF NOT EXISTS (SELECT name FROM sys.databases WHERE name = 'scholar_app_db')
BEGIN
    CREATE DATABASE scholar_app_db;
END
GO

USE scholar_app_db
GO

IF DB_NAME() <> N'scholar_app_db' SET NOEXEC ON
GO

--
-- Create table [dbo].[Users]
--
PRINT (N'Create table [dbo].[Users]')
GO
CREATE TABLE dbo.Users (
  Id int IDENTITY,
  FullName nvarchar(100) NOT NULL,
  Email nvarchar(max) NOT NULL,
  Password nvarchar(max) NOT NULL,
  CONSTRAINT PK_Users PRIMARY KEY CLUSTERED (Id)
)
ON [PRIMARY]
TEXTIMAGE_ON [PRIMARY]
GO

--
-- Create table [dbo].[Testimonials]
--
PRINT (N'Create table [dbo].[Testimonials]')
GO
CREATE TABLE dbo.Testimonials (
  Id int IDENTITY,
  Message nvarchar(max) NULL,
  Name nvarchar(max) NULL,
  Role nvarchar(max) NULL,
  Image nvarchar(max) NULL,
  CONSTRAINT PK_Testimonials PRIMARY KEY CLUSTERED (Id)
)
ON [PRIMARY]
TEXTIMAGE_ON [PRIMARY]
GO

--
-- Create table [dbo].[TeamMemberSocials]
--
PRINT (N'Create table [dbo].[TeamMemberSocials]')
GO
CREATE TABLE dbo.TeamMemberSocials (
  Id int IDENTITY,
  Platform nvarchar(max) NULL,
  Url nvarchar(max) NULL,
  IconClass nvarchar(max) NULL,
  TeamMemberId int NOT NULL,
  CONSTRAINT PK_TeamMemberSocials PRIMARY KEY CLUSTERED (Id)
)
ON [PRIMARY]
TEXTIMAGE_ON [PRIMARY]
GO

--
-- Create index [IX_TeamMemberSocials_TeamMemberId] on table [dbo].[TeamMemberSocials]
--
PRINT (N'Create index [IX_TeamMemberSocials_TeamMemberId] on table [dbo].[TeamMemberSocials]')
GO
CREATE INDEX IX_TeamMemberSocials_TeamMemberId
  ON dbo.TeamMemberSocials (TeamMemberId)
  ON [PRIMARY]
GO

--
-- Create table [dbo].[TeamMembers]
--
PRINT (N'Create table [dbo].[TeamMembers]')
GO
CREATE TABLE dbo.TeamMembers (
  Id int IDENTITY,
  Name nvarchar(max) NULL,
  Role nvarchar(max) NULL,
  Image nvarchar(max) NULL,
  CONSTRAINT PK_TeamMembers PRIMARY KEY CLUSTERED (Id)
)
ON [PRIMARY]
TEXTIMAGE_ON [PRIMARY]
GO

--
-- Create table [dbo].[Services]
--
PRINT (N'Create table [dbo].[Services]')
GO
CREATE TABLE dbo.Services (
  Id int IDENTITY,
  Title nvarchar(max) NULL,
  Description nvarchar(max) NULL,
  Icon nvarchar(max) NULL,
  Link nvarchar(max) NULL,
  CONSTRAINT PK_Services PRIMARY KEY CLUSTERED (Id)
)
ON [PRIMARY]
TEXTIMAGE_ON [PRIMARY]
GO

--
-- Create table [dbo].[FunFacts]
--
PRINT (N'Create table [dbo].[FunFacts]')
GO
CREATE TABLE dbo.FunFacts (
  Id int IDENTITY,
  Label nvarchar(max) NULL,
  Value int NOT NULL,
  Speed int NOT NULL,
  CONSTRAINT PK_FunFacts PRIMARY KEY CLUSTERED (Id)
)
ON [PRIMARY]
TEXTIMAGE_ON [PRIMARY]
GO

--
-- Create table [dbo].[Events]
--
PRINT (N'Create table [dbo].[Events]')
GO
CREATE TABLE dbo.Events (
  Id int IDENTITY,
  Image nvarchar(max) NULL,
  Category nvarchar(max) NULL,
  Title nvarchar(max) NULL,
  EventDate datetime2 NOT NULL,
  DurationHours int NOT NULL,
  Price decimal(18, 2) NOT NULL,
  CONSTRAINT PK_Events PRIMARY KEY CLUSTERED (Id)
)
ON [PRIMARY]
TEXTIMAGE_ON [PRIMARY]
GO

--
-- Create table [dbo].[Courses]
--
PRINT (N'Create table [dbo].[Courses]')
GO
CREATE TABLE dbo.Courses (
  Id int IDENTITY,
  Image nvarchar(max) NULL,
  Category nvarchar(max) NULL,
  CategoryClass nvarchar(max) NULL,
  Title nvarchar(max) NULL,
  Author nvarchar(max) NULL,
  Price decimal(18, 2) NOT NULL,
  CONSTRAINT PK_Courses PRIMARY KEY CLUSTERED (Id)
)
ON [PRIMARY]
TEXTIMAGE_ON [PRIMARY]
GO

--
-- Create table [dbo].[ContactSectionContents]
--
PRINT (N'Create table [dbo].[ContactSectionContents]')
GO
CREATE TABLE dbo.ContactSectionContents (
  Id int IDENTITY,
  SmallTitle nvarchar(max) NULL,
  Title nvarchar(max) NULL,
  Description nvarchar(max) NULL,
  OfferTitle nvarchar(max) NULL,
  OfferPercentage nvarchar(max) NULL,
  ValidityDate datetime2 NOT NULL,
  CONSTRAINT PK_ContactSectionContents PRIMARY KEY CLUSTERED (Id)
)
ON [PRIMARY]
TEXTIMAGE_ON [PRIMARY]
GO

--
-- Create table [dbo].[ContactMessages]
--
PRINT (N'Create table [dbo].[ContactMessages]')
GO
CREATE TABLE dbo.ContactMessages (
  Id int IDENTITY,
  Name nvarchar(max) NULL,
  Email nvarchar(max) NULL,
  Message nvarchar(max) NULL,
  CreatedAt datetime2 NOT NULL,
  CONSTRAINT PK_ContactMessages PRIMARY KEY CLUSTERED (Id)
)
ON [PRIMARY]
TEXTIMAGE_ON [PRIMARY]
GO

--
-- Create table [dbo].[Banners]
--
PRINT (N'Create table [dbo].[Banners]')
GO
CREATE TABLE dbo.Banners (
  Id int IDENTITY,
  Class nvarchar(max) NULL,
  Category nvarchar(max) NULL,
  Title nvarchar(max) NULL,
  Description nvarchar(max) NULL,
  PlayText nvarchar(max) NULL,
  IsActive bit NULL,
  CONSTRAINT PK_Banners PRIMARY KEY CLUSTERED (Id)
)
ON [PRIMARY]
TEXTIMAGE_ON [PRIMARY]
GO

--
-- Create table [dbo].[AboutUsAccordions]
--
PRINT (N'Create table [dbo].[AboutUsAccordions]')
GO
CREATE TABLE dbo.AboutUsAccordions (
  Id int IDENTITY,
  AccordionKey nvarchar(max) NULL,
  Title nvarchar(max) NULL,
  Content nvarchar(max) NULL,
  CONSTRAINT PK_AboutUsAccordions PRIMARY KEY CLUSTERED (Id)
)
ON [PRIMARY]
TEXTIMAGE_ON [PRIMARY]
GO

--
-- Create table [dbo].[__EFMigrationsHistory]
--
PRINT (N'Create table [dbo].[__EFMigrationsHistory]')
GO
CREATE TABLE dbo.__EFMigrationsHistory (
  MigrationId nvarchar(150) NOT NULL,
  ProductVersion nvarchar(32) NOT NULL,
  CONSTRAINT PK___EFMigrationsHistory PRIMARY KEY CLUSTERED (MigrationId)
)
ON [PRIMARY]
GO

-- 
-- Dumping data for table Users
--
PRINT (N'Dumping data for table Users')
SET IDENTITY_INSERT dbo.Users ON
GO
INSERT dbo.Users(Id, FullName, Email, Password) VALUES (1, N'abc', N'abc3@gmail.com', N'12345')
INSERT dbo.Users(Id, FullName, Email, Password) VALUES (2, N'Yen Powers', N'lorejo6133@cimario.com1', N'12345')
INSERT dbo.Users(Id, FullName, Email, Password) VALUES (3, N'Yen Power45', N'lorejo6133@cimario.com', N'12345')
GO
SET IDENTITY_INSERT dbo.Users OFF
GO

-- 
-- Dumping data for table Testimonials
--
PRINT (N'Dumping data for table Testimonials')
SET IDENTITY_INSERT dbo.Testimonials ON
GO
INSERT dbo.Testimonials(Id, Message, Name, Role, Image) VALUES (1, N'Amazing learning experience.', N'Claude David', N'Full Stack Master', N'https://picsum.photos/id/64/200/200')
INSERT dbo.Testimonials(Id, Message, Name, Role, Image) VALUES (2, N'Courses are very practical.', N'Sarah Johnson', N'Frontend Developer', N'https://picsum.photos/id/65/200/200')
INSERT dbo.Testimonials(Id, Message, Name, Role, Image) VALUES (3, N'Great mentors and support.', N'Michael Lee', N'UI Designer', N'https://picsum.photos/id/66/200/200')
INSERT dbo.Testimonials(Id, Message, Name, Role, Image) VALUES (4, N'Helped me switch careers.', N'Emma Brown', N'Backend Developer', N'https://picsum.photos/id/67/200/200')
INSERT dbo.Testimonials(Id, Message, Name, Role, Image) VALUES (5, N'Very well structured content.', N'Daniel Scott', N'Software Engineer', N'https://picsum.photos/id/68/200/200')
INSERT dbo.Testimonials(Id, Message, Name, Role, Image) VALUES (6, N'Loved the live sessions.', N'Olivia White', N'Student', N'https://picsum.photos/id/69/200/200')
INSERT dbo.Testimonials(Id, Message, Name, Role, Image) VALUES (7, N'Perfect for beginners.', N'James Green', N'Junior Dev', N'https://picsum.photos/id/70/200/200')
INSERT dbo.Testimonials(Id, Message, Name, Role, Image) VALUES (8, N'Real-world projects helped a lot.', N'Sophia Black', N'Product Designer', N'https://picsum.photos/id/71/200/200')
INSERT dbo.Testimonials(Id, Message, Name, Role, Image) VALUES (9, N'Support team is excellent.', N'William Adams', N'QA Engineer', N'https://picsum.photos/id/72/200/200')
INSERT dbo.Testimonials(Id, Message, Name, Role, Image) VALUES (10, N'Highly recommended.', N'Ava Nelson', N'Tech Lead', N'https://picsum.photos/id/73/200/200')
GO
SET IDENTITY_INSERT dbo.Testimonials OFF
GO

-- 
-- Dumping data for table TeamMemberSocials
--
PRINT (N'Dumping data for table TeamMemberSocials')
SET IDENTITY_INSERT dbo.TeamMemberSocials ON
GO
INSERT dbo.TeamMemberSocials(Id, Platform, Url, IconClass, TeamMemberId) VALUES (1, N'facebook', N'#', N'fab fa-facebook', 1)
INSERT dbo.TeamMemberSocials(Id, Platform, Url, IconClass, TeamMemberId) VALUES (2, N'twitter', N'#', N'fab fa-twitter', 1)
INSERT dbo.TeamMemberSocials(Id, Platform, Url, IconClass, TeamMemberId) VALUES (3, N'linkedin', N'#', N'fab fa-linkedin', 1)
INSERT dbo.TeamMemberSocials(Id, Platform, Url, IconClass, TeamMemberId) VALUES (4, N'facebook', N'#', N'fab fa-facebook', 2)
INSERT dbo.TeamMemberSocials(Id, Platform, Url, IconClass, TeamMemberId) VALUES (5, N'twitter', N'#', N'fab fa-twitter', 2)
INSERT dbo.TeamMemberSocials(Id, Platform, Url, IconClass, TeamMemberId) VALUES (6, N'linkedin', N'#', N'fab fa-linkedin', 2)
INSERT dbo.TeamMemberSocials(Id, Platform, Url, IconClass, TeamMemberId) VALUES (7, N'facebook', N'#', N'fab fa-facebook', 3)
INSERT dbo.TeamMemberSocials(Id, Platform, Url, IconClass, TeamMemberId) VALUES (8, N'twitter', N'#', N'fab fa-twitter', 3)
INSERT dbo.TeamMemberSocials(Id, Platform, Url, IconClass, TeamMemberId) VALUES (9, N'linkedin', N'#', N'fab fa-linkedin', 3)
INSERT dbo.TeamMemberSocials(Id, Platform, Url, IconClass, TeamMemberId) VALUES (10, N'facebook', N'#', N'fab fa-facebook', 4)
INSERT dbo.TeamMemberSocials(Id, Platform, Url, IconClass, TeamMemberId) VALUES (11, N'twitter', N'#', N'fab fa-twitter', 4)
INSERT dbo.TeamMemberSocials(Id, Platform, Url, IconClass, TeamMemberId) VALUES (12, N'linkedin', N'#', N'fab fa-linkedin', 4)
INSERT dbo.TeamMemberSocials(Id, Platform, Url, IconClass, TeamMemberId) VALUES (13, N'facebook', N'#', N'fab fa-facebook', 5)
GO
SET IDENTITY_INSERT dbo.TeamMemberSocials OFF
GO

-- 
-- Dumping data for table TeamMembers
--
PRINT (N'Dumping data for table TeamMembers')
SET IDENTITY_INSERT dbo.TeamMembers ON
GO
INSERT dbo.TeamMembers(Id, Name, Role, Image) VALUES (1, N'Sophia Rose', N'UX Teacher', N'https://picsum.photos/id/1005/400/400')
INSERT dbo.TeamMembers(Id, Name, Role, Image) VALUES (2, N'James Anderson', N'Frontend Developer', N'https://picsum.photos/id/1001/400/400')
INSERT dbo.TeamMembers(Id, Name, Role, Image) VALUES (3, N'Linda Brown', N'UI Designer', N'https://picsum.photos/id/1006/400/400')
INSERT dbo.TeamMembers(Id, Name, Role, Image) VALUES (4, N'Michael Clark', N'Backend Developer', N'https://picsum.photos/id/1011/400/400')
INSERT dbo.TeamMembers(Id, Name, Role, Image) VALUES (5, N'Emma Wilson', N'Product Manager', N'https://picsum.photos/id/1012/400/400')
INSERT dbo.TeamMembers(Id, Name, Role, Image) VALUES (6, N'Daniel Lee', N'Cloud Architect', N'https://picsum.photos/id/1013/400/400')
INSERT dbo.TeamMembers(Id, Name, Role, Image) VALUES (7, N'Olivia Martin', N'QA Engineer', N'https://picsum.photos/id/1014/400/400')
INSERT dbo.TeamMembers(Id, Name, Role, Image) VALUES (8, N'William Harris', N'DevOps Engineer', N'https://picsum.photos/id/1015/400/400')
INSERT dbo.TeamMembers(Id, Name, Role, Image) VALUES (9, N'Ava Thompson', N'Mobile Developer', N'https://picsum.photos/id/1016/400/400')
INSERT dbo.TeamMembers(Id, Name, Role, Image) VALUES (10, N'Noah Garcia', N'Security Expert', N'https://picsum.photos/id/1018/400/400')
GO
SET IDENTITY_INSERT dbo.TeamMembers OFF
GO

-- 
-- Dumping data for table Services
--
PRINT (N'Dumping data for table Services')
SET IDENTITY_INSERT dbo.Services ON
GO
INSERT dbo.Services(Id, Title, Description, Icon, Link) VALUES (1, N'Online Degrees', N'Flexible online degree programs.', N'https://picsum.photos/id/201/200/200', N'#')
INSERT dbo.Services(Id, Title, Description, Icon, Link) VALUES (2, N'Short Courses', N'Quick skill-based learning paths.', N'https://picsum.photos/id/202/200/200', N'#')
INSERT dbo.Services(Id, Title, Description, Icon, Link) VALUES (3, N'Expert Teachers', N'Learn from industry experts.', N'https://picsum.photos/id/203/200/200', N'#')
INSERT dbo.Services(Id, Title, Description, Icon, Link) VALUES (4, N'Certifications', N'Get recognized certificates.', N'https://picsum.photos/id/204/200/200', N'#')
INSERT dbo.Services(Id, Title, Description, Icon, Link) VALUES (5, N'Career Guidance', N'Personal career mentoring.', N'https://picsum.photos/id/205/200/200', N'#')
INSERT dbo.Services(Id, Title, Description, Icon, Link) VALUES (6, N'Live Classes', N'Interactive live sessions.', N'https://picsum.photos/id/206/200/200', N'#')
INSERT dbo.Services(Id, Title, Description, Icon, Link) VALUES (7, N'Recorded Content', N'Access lessons anytime.', N'https://picsum.photos/id/207/200/200', N'#')
INSERT dbo.Services(Id, Title, Description, Icon, Link) VALUES (8, N'Projects', N'Hands-on real projects.', N'https://picsum.photos/id/208/200/200', N'#')
INSERT dbo.Services(Id, Title, Description, Icon, Link) VALUES (9, N'Community', N'Join learner community.', N'https://picsum.photos/id/209/200/200', N'#')
INSERT dbo.Services(Id, Title, Description, Icon, Link) VALUES (10, N'Support', N'24/7 student support.', N'https://picsum.photos/id/210/200/200', N'#')
GO
SET IDENTITY_INSERT dbo.Services OFF
GO

-- 
-- Dumping data for table FunFacts
--
PRINT (N'Dumping data for table FunFacts')
SET IDENTITY_INSERT dbo.FunFacts ON
GO
INSERT dbo.FunFacts(Id, Label, Value, Speed) VALUES (1, N'Happy Students', 150, 1000)
INSERT dbo.FunFacts(Id, Label, Value, Speed) VALUES (2, N'Online Courses', 80, 900)
INSERT dbo.FunFacts(Id, Label, Value, Speed) VALUES (3, N'Expert Teachers', 25, 850)
INSERT dbo.FunFacts(Id, Label, Value, Speed) VALUES (4, N'Years Experience', 10, 800)
GO
SET IDENTITY_INSERT dbo.FunFacts OFF
GO

-- 
-- Dumping data for table Events
--
PRINT (N'Dumping data for table Events')
SET IDENTITY_INSERT dbo.Events ON
GO
INSERT dbo.Events(Id, Image, Category, Title, EventDate, DurationHours, Price) VALUES (1, N'https://picsum.photos/id/1050/600/400', N'Web Design', N'UI Best Practices', '2036-02-17 00:00:00.0000000', 22, 120.00)
INSERT dbo.Events(Id, Image, Category, Title, EventDate, DurationHours, Price) VALUES (2, N'https://picsum.photos/id/1051/600/400', N'Development', N'Modern JavaScript', '2036-03-05 00:00:00.0000000', 18, 100.00)
INSERT dbo.Events(Id, Image, Category, Title, EventDate, DurationHours, Price) VALUES (3, N'https://picsum.photos/id/1052/600/400', N'UI/UX', N'Design Thinking', '2036-04-10 00:00:00.0000000', 12, 80.00)
INSERT dbo.Events(Id, Image, Category, Title, EventDate, DurationHours, Price) VALUES (4, N'https://picsum.photos/id/1053/600/400', N'Backend', N'ASP.NET Deep Dive', '2036-05-01 00:00:00.0000000', 24, 150.00)
INSERT dbo.Events(Id, Image, Category, Title, EventDate, DurationHours, Price) VALUES (5, N'https://picsum.photos/id/1054/600/400', N'Database', N'SQL Performance', '2036-06-15 00:00:00.0000000', 16, 110.00)
INSERT dbo.Events(Id, Image, Category, Title, EventDate, DurationHours, Price) VALUES (6, N'https://picsum.photos/id/1055/600/400', N'DevOps', N'Docker Workshop', '2036-07-20 00:00:00.0000000', 14, 90.00)
INSERT dbo.Events(Id, Image, Category, Title, EventDate, DurationHours, Price) VALUES (7, N'https://picsum.photos/id/1056/600/400', N'Cloud', N'Azure Bootcamp', '2036-08-18 00:00:00.0000000', 20, 140.00)
INSERT dbo.Events(Id, Image, Category, Title, EventDate, DurationHours, Price) VALUES (8, N'https://picsum.photos/id/1057/600/400', N'Security', N'Web Security', '2036-09-12 00:00:00.0000000', 10, 70.00)
INSERT dbo.Events(Id, Image, Category, Title, EventDate, DurationHours, Price) VALUES (9, N'https://picsum.photos/id/1058/600/400', N'Mobile', N'Flutter Live', '2036-10-08 00:00:00.0000000', 12, 85.00)
INSERT dbo.Events(Id, Image, Category, Title, EventDate, DurationHours, Price) VALUES (10, N'https://picsum.photos/id/1059/600/400', N'AI', N'AI for Developers', '2036-11-22 00:00:00.0000000', 18, 160.00)
GO
SET IDENTITY_INSERT dbo.Events OFF
GO

-- 
-- Dumping data for table Courses
--
PRINT (N'Dumping data for table Courses')
SET IDENTITY_INSERT dbo.Courses ON
GO
INSERT dbo.Courses(Id, Image, Category, CategoryClass, Title, Author, Price) VALUES (1, N'https://picsum.photos/id/1011/600/400', N'Web Design', N'design', N'Learn Web Design', N'Stella Blair', 160.00)
INSERT dbo.Courses(Id, Image, Category, CategoryClass, Title, Author, Price) VALUES (2, N'https://picsum.photos/id/1012/600/400', N'Development', N'code', N'JavaScript Essentials', N'John Smith', 180.00)
INSERT dbo.Courses(Id, Image, Category, CategoryClass, Title, Author, Price) VALUES (3, N'https://picsum.photos/id/1013/600/400', N'UI/UX', N'design', N'UI UX Fundamentals', N'Emma Watson', 140.00)
INSERT dbo.Courses(Id, Image, Category, CategoryClass, Title, Author, Price) VALUES (4, N'https://picsum.photos/id/1014/600/400', N'Backend', N'code', N'ASP.NET Core Mastery', N'David Miller', 200.00)
INSERT dbo.Courses(Id, Image, Category, CategoryClass, Title, Author, Price) VALUES (5, N'https://picsum.photos/id/1015/600/400', N'Frontend', N'design', N'Advanced CSS', N'Sophia Turner', 130.00)
INSERT dbo.Courses(Id, Image, Category, CategoryClass, Title, Author, Price) VALUES (6, N'https://picsum.photos/id/1016/600/400', N'Database', N'code', N'SQL for Developers', N'Robert King', 150.00)
INSERT dbo.Courses(Id, Image, Category, CategoryClass, Title, Author, Price) VALUES (7, N'https://picsum.photos/id/1018/600/400', N'DevOps', N'code', N'Docker & CI/CD', N'Chris Evans', 220.00)
INSERT dbo.Courses(Id, Image, Category, CategoryClass, Title, Author, Price) VALUES (8, N'https://picsum.photos/id/1020/600/400', N'Mobile', N'design', N'Flutter Basics', N'Olivia Brown', 170.00)
INSERT dbo.Courses(Id, Image, Category, CategoryClass, Title, Author, Price) VALUES (9, N'https://picsum.photos/id/1024/600/400', N'Cloud', N'code', N'Azure Fundamentals', N'Daniel Scott', 190.00)
INSERT dbo.Courses(Id, Image, Category, CategoryClass, Title, Author, Price) VALUES (10, N'https://picsum.photos/id/1025/600/400', N'Security', N'code', N'Web Security Basics', N'Liam Wilson', 165.00)
GO
SET IDENTITY_INSERT dbo.Courses OFF
GO

-- 
-- Dumping data for table ContactSectionContents
--
PRINT (N'Dumping data for table ContactSectionContents')
SET IDENTITY_INSERT dbo.ContactSectionContents ON
GO
INSERT dbo.ContactSectionContents(Id, SmallTitle, Title, Description, OfferTitle, OfferPercentage, ValidityDate) VALUES (1, N'Contact Us', N'Feel free to contact us anytime', N'Thank you for choosing our templates. We provide you best CSS templates at absolutely 100% free of charge. You may support us by sharing our website to your friends.', N'Special Offer', N'50%', '2036-04-24 00:00:00.0000000')
GO
SET IDENTITY_INSERT dbo.ContactSectionContents OFF
GO

-- 
-- Dumping data for table ContactMessages
--
PRINT (N'Dumping data for table ContactMessages')
SET IDENTITY_INSERT dbo.ContactMessages ON
GO
INSERT dbo.ContactMessages(Id, Name, Email, Message, CreatedAt) VALUES (1, N'abc', N'abc@gmail.com', N'test', '2026-01-19 10:39:30.4051124')
INSERT dbo.ContactMessages(Id, Name, Email, Message, CreatedAt) VALUES (2, N'Gloria Blankenship', N'kidunador@mailinator.com', N'Ipsum laborum ad sol', '2026-02-02 14:27:25.8434365')
INSERT dbo.ContactMessages(Id, Name, Email, Message, CreatedAt) VALUES (3, N'abc', N'lorejo6133@cimario.com', N'test', '2026-02-03 11:46:12.1102872')
GO
SET IDENTITY_INSERT dbo.ContactMessages OFF
GO

-- 
-- Dumping data for table Banners
--
PRINT (N'Dumping data for table Banners')
SET IDENTITY_INSERT dbo.Banners ON
GO
INSERT dbo.Banners(Id, Class, Category, Title, Description, PlayText, IsActive) VALUES (1, N'item-1', N'Our Courses', N'Learn From Experts', N'High quality professional courses.', N'Watch Now', CONVERT(bit, 'True'))
INSERT dbo.Banners(Id, Class, Category, Title, Description, PlayText, IsActive) VALUES (2, N'item-2', N'Online Learning', N'Anytime Anywhere', N'Learn at your own pace.', N'Explore', CONVERT(bit, 'True'))
INSERT dbo.Banners(Id, Class, Category, Title, Description, PlayText, IsActive) VALUES (3, N'item-3', N'Certifications', N'Get Certified', N'Boost your career.', N'View Courses', CONVERT(bit, 'True'))
INSERT dbo.Banners(Id, Class, Category, Title, Description, PlayText, IsActive) VALUES (4, N'item-3', N'Live Classes', N'Interactive Learning', N'Join live sessions.', N'Join Now', CONVERT(bit, 'True'))
INSERT dbo.Banners(Id, Class, Category, Title, Description, PlayText, IsActive) VALUES (5, N'item-2', N'Community', N'Grow Together', N'Learn with peers.', N'Join Community', CONVERT(bit, 'True'))
INSERT dbo.Banners(Id, Class, Category, Title, Description, PlayText, IsActive) VALUES (6, N'item-1', N'Career', N'Career Support', N'Mentorship and guidance.', N'Get Help', CONVERT(bit, 'True'))
INSERT dbo.Banners(Id, Class, Category, Title, Description, PlayText, IsActive) VALUES (7, N'item-1', N'Workshops', N'Hands-on Workshops', N'Practice real skills.', N'Register', CONVERT(bit, 'True'))
INSERT dbo.Banners(Id, Class, Category, Title, Description, PlayText, IsActive) VALUES (8, N'item-2', N'Projects', N'Real Projects', N'Build portfolio projects.', N'Start Building', CONVERT(bit, 'True'))
INSERT dbo.Banners(Id, Class, Category, Title, Description, PlayText, IsActive) VALUES (9, N'item-3', N'Success', N'Student Success', N'Stories that inspire.', N'Read Stories', CONVERT(bit, 'False'))
INSERT dbo.Banners(Id, Class, Category, Title, Description, PlayText, IsActive) VALUES (10, N'item-2', N'Join Us', N'Start Today', N'Your future begins here.', N'Get Started', CONVERT(bit, 'True'))
GO
SET IDENTITY_INSERT dbo.Banners OFF
GO

-- 
-- Dumping data for table AboutUsAccordions
--
PRINT (N'Dumping data for table AboutUsAccordions')
SET IDENTITY_INSERT dbo.AboutUsAccordions ON
GO
INSERT dbo.AboutUsAccordions(Id, AccordionKey, Title, Content) VALUES (1, N'One', N'Who we are', N'We are a modern online education platform.')
INSERT dbo.AboutUsAccordions(Id, AccordionKey, Title, Content) VALUES (2, N'Two', N'Our mission', N'To make learning accessible for everyone.')
INSERT dbo.AboutUsAccordions(Id, AccordionKey, Title, Content) VALUES (3, N'Three', N'Our vision', N'Empower learners worldwide.')
INSERT dbo.AboutUsAccordions(Id, AccordionKey, Title, Content) VALUES (4, N'Four', N'Teaching style', N'Practical and project-based.')
INSERT dbo.AboutUsAccordions(Id, AccordionKey, Title, Content) VALUES (5, N'Five', N'Our team', N'Experienced industry professionals.')
INSERT dbo.AboutUsAccordions(Id, AccordionKey, Title, Content) VALUES (6, N'Six', N'Learning mode', N'Self-paced and live learning.')
INSERT dbo.AboutUsAccordions(Id, AccordionKey, Title, Content) VALUES (7, N'Seven', N'Certifications', N'Industry-recognized certificates.')
INSERT dbo.AboutUsAccordions(Id, AccordionKey, Title, Content) VALUES (8, N'Eight', N'Community', N'Supportive learning environment.')
INSERT dbo.AboutUsAccordions(Id, AccordionKey, Title, Content) VALUES (9, N'Nine', N'Support', N'Dedicated learner support.')
INSERT dbo.AboutUsAccordions(Id, AccordionKey, Title, Content) VALUES (10, N'Ten', N'Growth', N'Continuous improvement and innovation.')
GO
SET IDENTITY_INSERT dbo.AboutUsAccordions OFF
GO

USE scholar_app_db
GO

IF DB_NAME() <> N'scholar_app_db' SET NOEXEC ON
GO

--
-- Create foreign key [FK_TeamMemberSocials_TeamMembers_TeamMemberId] on table [dbo].[TeamMemberSocials]
--
PRINT (N'Create foreign key [FK_TeamMemberSocials_TeamMembers_TeamMemberId] on table [dbo].[TeamMemberSocials]')
GO
ALTER TABLE dbo.TeamMemberSocials WITH NOCHECK
  ADD CONSTRAINT FK_TeamMemberSocials_TeamMembers_TeamMemberId FOREIGN KEY (TeamMemberId) REFERENCES dbo.TeamMembers (Id) ON DELETE CASCADE
GO

--
-- Disable foreign key [FK_TeamMemberSocials_TeamMembers_TeamMemberId] on table [dbo].[TeamMemberSocials]
--
PRINT (N'Disable foreign key [FK_TeamMemberSocials_TeamMembers_TeamMemberId] on table [dbo].[TeamMemberSocials]')
GO
ALTER TABLE dbo.TeamMemberSocials
  NOCHECK CONSTRAINT FK_TeamMemberSocials_TeamMembers_TeamMemberId
GO

SET NOEXEC OFF
GO